epoch,time,train/box_loss,train/pose_loss,train/kobj_loss,train/cls_loss,train/dfl_loss,metrics/precision(B),metrics/recall(B),metrics/mAP50(B),metrics/mAP50-95(B),metrics/precision(P),metrics/recall(P),metrics/mAP50(P),metrics/mAP50-95(P),val/box_loss,val/pose_loss,val/kobj_loss,val/cls_loss,val/dfl_loss,lr/pg0,lr/pg1,lr/pg2
1,1.40533,2.78324,8.43204,0,3.59462,2.83557,0.00203,0.03333,0.00112,0.00034,0.01829,0.3,0.01439,0.00201,3.17071,8.66557,0,4.65541,3.03001,0,0,0
2,2.09271,2.64428,7.90793,0,3.91419,2.71457,0.00186,0.03333,0.00105,0.00042,0.0167,0.3,0.0129,0.00182,3.32131,8.5587,0,4.76484,3.11574,1.9901e-05,1.9901e-05,1.9901e-05
3,2.78339,2.65452,8.57303,0,3.9179,2.62495,0.00175,0.03333,0.00098,0.00039,0.01579,0.3,0.01283,0.00161,3.4676,8.43082,0,4.85613,3.20707,3.9604e-05,3.9604e-05,3.9604e-05
4,3.4255,2.62994,8.12339,0,4.14628,2.66044,0.00172,0.03333,0.00091,0.00036,0.01544,0.3,0.01309,0.00164,3.64074,8.23602,0,4.96463,3.31018,5.9109e-05,5.9109e-05,5.9109e-05
5,3.94823,2.56802,8.12089,0,4.21856,2.60389,0.00172,0.03333,0.00091,0.00036,0.01544,0.3,0.01309,0.00164,3.77891,8.18237,0,5.0494,3.39576,7.8416e-05,7.8416e-05,7.8416e-05
6,4.46746,2.8887,7.85468,0,4.12377,2.9039,0.00172,0.03333,0.00091,0.00036,0.01544,0.3,0.01309,0.00164,3.87674,8.02773,0,5.10934,3.45587,9.7525e-05,9.7525e-05,9.7525e-05
7,4.99826,2.5251,7.64223,0,3.94181,2.67448,0.00172,0.03333,0.00091,0.00036,0.01544,0.3,0.01309,0.00164,3.94722,8.01707,0,5.14037,3.50658,0.000116436,0.000116436,0.000116436
8,5.52719,2.71145,8.24286,0,3.66803,2.89385,0.00172,0.03333,0.00091,0.00036,0.01544,0.3,0.01309,0.00164,4.00541,7.95303,0,5.15036,3.55021,0.000135149,0.000135149,0.000135149
9,6.12089,2.51,7.75864,0,3.86966,2.5487,0.04236,0.76667,0.09443,0.02905,0.03131,0.56667,0.03129,0.00477,2.78512,7.4708,0,3.15776,2.71997,0.000153664,0.000153664,0.000153664
10,6.83315,1.98858,8.3069,0,1.75875,2.22197,0.91589,0.72619,0.88274,0.48092,0.05105,0.13333,0.0841,0.01214,1.53295,9.06979,0,1.14794,1.9819,0.000171981,0.000171981,0.000171981
11,7.52035,1.50606,8.18739,0,1.06132,1.76775,0.96247,1,0.98532,0.61502,0.05445,0.2,0.03896,0.00591,1.26874,9.68401,0,1.225,1.84758,0.0001901,0.0001901,0.0001901
12,8.22029,1.35771,7.7359,0,0.91596,1.63139,0.96138,1,0.995,0.65817,0.0167,0.86667,0.03939,0.00649,1.2222,9.69016,0,1.36431,1.87519,0.000208021,0.000208021,0.000208021
13,8.92556,1.31175,7.50851,0,0.85687,1.52038,0.95999,1,0.99403,0.66313,0.01234,0.73333,0.01905,0.00312,1.2718,9.64823,0,1.32585,1.90266,0.000225744,0.000225744,0.000225744
14,9.56653,1.14201,7.4946,0,0.68043,1.41838,0.96484,1,0.99177,0.6681,0.00651,0.36667,0.00527,0.00093,1.28523,9.9999,0,1.17826,2.09878,0.000243269,0.000243269,0.000243269
15,10.2524,1.03626,7.64076,0,0.72204,1.36497,0.96484,1,0.99403,0.68658,0.00189,0.1,0.00107,0.00014,1.16246,9.93523,0,1.28719,1.83227,0.000260596,0.000260596,0.000260596
16,10.929,1.01053,7.33912,0,0.67135,1.31151,0.96416,1,0.99403,0.70546,0.00067,0.03333,0.00035,4e-05,1.10079,9.87222,0,1.44958,1.72145,0.000277725,0.000277725,0.000277725
17,11.6094,0.93503,6.79631,0,0.58301,1.28829,0.96226,1,0.99403,0.68609,0,0,0,0,1.15831,9.89612,0,1.41167,1.809,0.000294656,0.000294656,0.000294656
18,12.2558,0.93295,6.14342,0,0.56822,1.28547,0.95705,1,0.995,0.67769,0,0,0,0,1.16226,10.1047,0,1.55453,1.78524,0.000311389,0.000311389,0.000311389
19,12.9001,0.96374,6.60255,0,0.64086,1.28631,0.95369,1,0.99306,0.67161,0,0,0,0,1.11271,10.25,0,1.7127,1.72939,0.000327924,0.000327924,0.000327924
20,13.5466,0.96853,5.81795,0,0.59618,1.24284,0.93633,1,0.99177,0.722,0,0,0,0,0.96594,10.2085,0,1.66525,1.56101,0.000344261,0.000344261,0.000344261
21,14.235,0.84898,5.93271,0,0.51686,1.19875,0.79598,1,0.98435,0.76968,0,0,0,0,0.87359,10.3778,0,2.08817,1.45866,0.0003604,0.0003604,0.0003604
22,14.9199,0.90791,6.31859,0,0.60302,1.21763,0.66804,1,0.98984,0.8085,0,0,0,0,0.87352,10.4681,0,2.45324,1.49061,0.000376341,0.000376341,0.000376341
23,15.5925,0.92062,6.37006,0,0.5274,1.24657,0.67711,1,0.98532,0.71469,0,0,0,0,0.96523,10.3686,0,2.78938,1.72176,0.000392084,0.000392084,0.000392084
24,16.2463,0.93597,6.14315,0,0.51873,1.21111,0.96429,0.9,0.97565,0.71225,0,0,0,0,1.03574,10.141,0,3.27286,1.94192,0.000407629,0.000407629,0.000407629
25,16.8915,0.83378,6.28891,0,0.53729,1.25942,0.96774,1,0.9779,0.73396,0.00058,0.03333,0.00047,5e-05,1.00031,9.77803,0,2.88791,1.76895,0.000422976,0.000422976,0.000422976
26,17.5505,0.8903,6.13895,0,0.53968,1.18081,0.81899,1,0.96823,0.74076,0.01894,0.06667,0.00221,0.00022,0.9371,9.84134,0,2.38961,1.57794,0.000438125,0.000438125,0.000438125
27,18.1938,0.82677,5.68885,0,0.50187,1.16324,0.7981,1,0.97048,0.7642,0.0014,0.06667,0.00075,7e-05,0.89292,10.2432,0,2.59846,1.52331,0.000453076,0.000453076,0.000453076
28,18.8367,0.83345,5.89092,0,0.52814,1.15445,0.76724,1,0.97565,0.7834,0.00177,0.06667,0.00099,0.0001,0.83646,10.2587,0,2.58302,1.45662,0.000467829,0.000467829,0.000467829
29,19.4886,0.74824,5.15945,0,0.51814,1.08792,0.88335,1,0.97694,0.77821,0.00536,0.16667,0.00315,0.00037,0.80952,9.27301,0,2.02891,1.39044,0.000482384,0.000482384,0.000482384
30,20.132,0.84962,5.53381,0,0.54305,1.1406,0.92914,1,0.99306,0.82278,0.01048,0.26667,0.00731,0.00081,0.82778,8.62328,0,1.82342,1.48573,0.000496741,0.000496741,0.000496741
31,20.8218,0.86912,4.64123,0,0.50763,1.17661,0.92176,1,0.995,0.78307,0.01382,0.3,0.00921,0.00101,0.99595,9.04879,0,2.44455,1.80323,0.0005109,0.0005109,0.0005109
32,21.4756,0.82912,4.76319,0,0.48961,1.14636,0.82435,1,0.99081,0.65253,0.01849,0.36667,0.01452,0.00175,1.16585,9.46969,0,3.68459,1.99103,0.000524861,0.000524861,0.000524861
33,22.122,0.81776,4.22972,0,0.48373,1.15486,0.73794,1,0.98368,0.67111,0.02504,0.5,0.02343,0.00292,1.16698,9.57494,0,3.90957,1.92258,0.000538624,0.000538624,0.000538624
34,22.759,0.87837,4.1733,0,0.53888,1.23869,0.84729,1,0.98435,0.76542,0.01947,0.36667,0.02093,0.0026,0.95977,8.68638,0,1.95664,1.64798,0.000552189,0.000552189,0.000552189
35,23.403,0.89875,5.21898,0,0.5927,1.217,0.91365,1,0.97371,0.77539,0.02124,0.36667,0.0193,0.00249,0.84207,8.14712,0,1.74455,1.5012,0.000565556,0.000565556,0.000565556
36,24.0523,0.894,5.34894,0,0.54324,1.19069,0.94708,1,0.97468,0.74666,0.02288,0.33333,0.01667,0.00237,0.90659,8.71896,0,2.02014,1.62157,0.000578725,0.000578725,0.000578725
37,24.7001,0.68455,4.84431,0,0.48944,1.1287,0.84604,1,0.9682,0.65384,0.00501,0.06667,0.00273,0.00041,1.17858,9.30516,0,2.30786,2.01359,0.000591696,0.000591696,0.000591696
38,25.3596,0.82208,5.52505,0,0.51194,1.15044,0.91952,1,0.95397,0.67559,0.00316,0.03333,0.00185,0.00019,1.05508,9.50457,0,2.02164,1.88828,0.000604469,0.000604469,0.000604469
39,26.0093,0.92478,4.25615,0,0.55397,1.24761,0.9563,1,0.96726,0.75498,0,0,0,0,0.86026,8.63452,0,1.8936,1.50286,0.000617044,0.000617044,0.000617044
40,26.661,0.80481,4.55393,0,0.51591,1.18443,0.95476,1,0.96726,0.78052,0,0,0,0,0.79092,7.54927,0,1.31748,1.40981,0.000629421,0.000629421,0.000629421
41,27.2947,0.92044,4.96965,0,0.52026,1.13675,0.95395,1,0.9779,0.79886,0,0,0,0,0.77143,7.22553,0,1.03021,1.50347,0.0006416,0.0006416,0.0006416
42,27.9457,0.89494,4.92695,0,0.50245,1.20015,0.95156,1,0.98339,0.68311,0,0,0,0,1.04407,6.98346,0,1.4389,1.67259,0.000653581,0.000653581,0.000653581
43,28.5869,0.93031,4.69929,0,0.52254,1.17413,0.90822,1,0.97468,0.45518,0,0,0,0,1.51945,6.67504,0,2.3109,2.04097,0.000665364,0.000665364,0.000665364
44,29.2283,0.81216,4.53944,0,0.50618,1.1547,0.88831,1,0.95021,0.37618,0,0,0,0,1.85618,6.65543,0,2.5255,2.31148,0.000676949,0.000676949,0.000676949
45,29.8816,0.84865,4.26071,0,0.56313,1.11304,0.91051,1,0.96546,0.42596,0,0,0,0,1.50813,6.5627,0,2.28903,1.90342,0.000688336,0.000688336,0.000688336
46,30.5294,0.9591,4.83411,0,0.57683,1.29854,0.93573,1,0.97468,0.74626,0,0,0,0,0.88627,6.92541,0,1.25934,1.39914,0.000699525,0.000699525,0.000699525
47,31.204,0.98501,4.88422,0,0.50857,1.24059,0.9404,1,0.98016,0.74917,0.0315,0.03333,0.00714,0.00071,0.82729,6.47955,0,1.21086,1.41589,0.000710516,0.000710516,0.000710516
48,31.8574,0.87878,4.35692,0,0.60276,1.16609,0.95056,1,0.9821,0.76971,0.03201,0.03333,0.00734,0.00073,0.85559,6.28413,0,0.99578,1.46981,0.000721309,0.000721309,0.000721309
49,32.4924,0.90689,4.22616,0,0.52459,1.1755,0.95608,1,0.98339,0.79724,0.06451,0.06667,0.0142,0.00142,0.80432,6.45341,0,0.76186,1.28577,0.000731904,0.000731904,0.000731904
50,33.139,0.83014,4.61229,0,0.55313,1.13671,0.93736,0.99766,0.98312,0.75729,0,0,0,0,0.90406,8.14638,0,0.63169,1.36297,0.000742301,0.000742301,0.000742301
51,33.7945,0.82406,4.36527,0,0.52709,1.13582,0.94357,0.96667,0.97362,0.80494,0.05604,0.1,0.02492,0.00353,0.78137,8.9493,0,0.60563,1.25787,0.0007525,0.0007525,0.0007525
52,34.4495,0.80603,3.98575,0,0.52963,1.18415,0.94696,0.96667,0.96832,0.70443,0.1387,0.3,0.0569,0.00652,0.82684,7.76535,0,0.89988,1.27578,0.000762501,0.000762501,0.000762501
53,35.1032,0.78483,3.8947,0,0.54069,1.15335,0.95206,0.93333,0.95563,0.72739,0.21187,0.4,0.10473,0.01284,0.77511,7.356,0,1.11805,1.25649,0.000772304,0.000772304,0.000772304
54,35.7582,0.76821,4.26929,0,0.48775,1.1095,0.93144,0.90587,0.96732,0.80645,0.20964,0.43333,0.14568,0.0196,0.68968,6.73428,0,1.30233,1.21061,0.000781909,0.000781909,0.000781909
55,36.482,0.76008,3.76457,0,0.48544,1.09296,0.90731,0.93333,0.94293,0.74544,0.252,0.53333,0.15184,0.02451,0.81324,6.98345,0,1.44552,1.26219,0.000791316,0.000791316,0.000791316
56,37.1436,0.76133,3.63837,0,0.52195,1.08847,0.9353,0.93333,0.96918,0.68143,0.26847,0.64846,0.20071,0.0303,0.93635,7.21696,0,1.50302,1.36754,0.000800525,0.000800525,0.000800525
57,37.7913,0.76406,4.01009,0,0.48823,1.06971,0.94408,0.96667,0.95478,0.61801,0.33556,0.73333,0.28803,0.04139,1.0866,6.98677,0,1.68014,1.48458,0.000809536,0.000809536,0.000809536
58,38.4354,0.73853,3.42562,0,0.45006,1.08111,0.687,0.73168,0.77735,0.47558,0.34152,0.66667,0.28677,0.03799,1.52759,6.43285,0,1.70974,1.72671,0.000818349,0.000818349,0.000818349
59,39.0866,0.83278,3.93207,0,0.50232,1.1382,0.61197,0.8,0.73246,0.36809,0.31749,0.73333,0.30965,0.04879,2.05777,6.15083,0,1.30531,2.02523,0.000826964,0.000826964,0.000826964
60,39.7404,0.80613,3.99883,0,0.48185,1.09687,0.78793,0.93333,0.91905,0.43839,0.38214,0.6,0.3035,0.04253,1.88515,5.96448,0,1.16112,1.90092,0.000835381,0.000835381,0.000835381
61,40.3909,0.82465,3.66343,0,0.49099,1.1418,0.71209,0.90702,0.81668,0.35748,0.30708,0.63333,0.26381,0.03843,2.02033,5.82522,0,1.23784,2.04051,0.0008436,0.0008436,0.0008436
62,41.0379,0.78531,3.98272,0,0.46871,1.13943,0.76679,0.9,0.86186,0.39037,0.33735,0.71285,0.29954,0.05171,1.85646,5.16337,0,1.31754,2.01798,0.000851621,0.000851621,0.000851621
63,41.7142,0.72419,3.20235,0,0.47465,1.07768,0.68179,0.76667,0.77807,0.43621,0.28286,0.73333,0.27961,0.04405,1.67953,5.31749,0,1.55016,2.06037,0.000859444,0.000859444,0.000859444
64,42.3646,0.80559,3.70017,0,0.49778,1.092,0.51963,0.83333,0.63863,0.29054,0.4789,0.76667,0.57541,0.10356,1.96999,4.98304,0,2.10904,2.09674,0.000867069,0.000867069,0.000867069
65,43.0152,0.8087,3.28278,0,0.48422,1.15087,0.49716,0.86667,0.52545,0.23982,0.49456,0.9,0.51995,0.1124,1.8106,4.78924,0,2.46347,1.9659,0.000874496,0.000874496,0.000874496
66,43.6558,0.90097,3.52311,0,0.55603,1.22147,0.50053,0.86667,0.49608,0.2135,0.53984,0.93333,0.56139,0.12086,1.7805,4.4519,0,3.01014,1.89012,0.000881725,0.000881725,0.000881725
67,44.3112,0.76369,3.52303,0,0.52565,1.11518,0.44441,0.83333,0.51234,0.21883,0.56895,1,0.65988,0.19253,2.0536,4.22963,0,3.14804,1.99613,0.000888756,0.000888756,0.000888756
68,44.9702,0.72429,3.41556,0,0.48159,1.10137,0.4309,0.8,0.52339,0.25149,0.56377,0.94789,0.77419,0.17342,2.04128,4.38189,0,3.3143,2.0508,0.000895589,0.000895589,0.000895589
69,45.634,0.78789,3.60816,0,0.53317,1.11302,0.41555,0.80589,0.54537,0.29736,0.65436,0.83333,0.82455,0.15379,2.02405,4.54288,0,3.29882,2.10155,0.000902224,0.000902224,0.000902224
70,46.2904,0.76558,3.59101,0,0.48389,1.07772,0.61011,0.83333,0.77116,0.41761,0.70773,0.96667,0.91833,0.1964,1.78417,4.33301,0,2.64567,1.96888,0.000908661,0.000908661,0.000908661
71,46.9604,0.76105,3.95815,0,0.54792,1.07128,0.69022,0.8,0.85609,0.56137,0.68686,0.87756,0.90074,0.19835,1.34151,4.27871,0,2.12064,1.65965,0.0009149,0.0009149,0.0009149
72,47.672,0.78813,3.25888,0,0.49608,1.11758,0.73809,0.75177,0.88209,0.58166,0.79898,0.73333,0.85413,0.18954,1.29068,4.33679,0,2.2077,1.65891,0.000920941,0.000920941,0.000920941
73,48.3799,0.76958,3.36317,0,0.51063,1.17356,0.89329,0.86667,0.93367,0.59092,0.84161,0.83333,0.8365,0.20384,1.37031,4.3302,0,2.37128,1.76784,0.000926784,0.000926784,0.000926784
74,49.0746,0.81367,3.40485,0,0.52272,1.11999,0.96233,0.85197,0.94999,0.6515,0.96233,0.85197,0.92003,0.24595,1.26565,4.22286,0,2.60725,1.69621,0.000932429,0.000932429,0.000932429
75,49.7927,0.8869,3.84066,0,0.53613,1.15441,0.88929,0.80341,0.89023,0.60745,0.79899,0.7,0.8473,0.24472,1.21984,4.14906,0,3.27793,1.64166,0.000937876,0.000937876,0.000937876
76,50.4481,0.7426,2.61964,0,0.52366,1.09243,0.83604,0.66667,0.80218,0.54668,0.83604,0.66667,0.82948,0.26522,1.25612,4.01229,0,4.1656,1.6325,0.000943125,0.000943125,0.000943125
77,51.1105,0.79891,3.23285,0,0.58819,1.1531,0.7175,0.6,0.74548,0.49333,0.7175,0.6,0.73867,0.24398,1.4223,3.95017,0,4.21736,1.82354,0.000948176,0.000948176,0.000948176
78,51.7621,0.80423,3.61547,0,0.54804,1.12502,0.79004,0.75283,0.87439,0.41855,0.8017,0.73333,0.85784,0.26482,1.65147,3.79964,0,5.17411,2.2385,0.000953029,0.000953029,0.000953029
79,52.4268,0.78538,3.24793,0,0.53698,1.11076,0.81839,0.90133,0.93934,0.37089,0.82712,0.9,0.91982,0.32352,1.89188,3.7224,0,4.82904,2.70094,0.000957684,0.000957684,0.000957684
80,53.079,0.83507,3.04111,0,0.51873,1.15473,0.94963,0.93333,0.96236,0.39925,0.90227,0.86667,0.86675,0.36071,1.81985,4.04987,0,3.92485,2.48985,0.000962141,0.000962141,0.000962141
81,53.7386,0.79452,2.88542,0,0.48804,1.1082,0.82119,0.91874,0.94158,0.4844,0.76162,0.76667,0.78429,0.28084,1.70848,4.56712,0,3.67528,2.19063,0.0009664,0.0009664,0.0009664
82,54.406,0.81056,2.98025,0,0.52712,1.1323,0.87204,0.90884,0.94883,0.56725,0.76765,0.77101,0.83744,0.3445,1.43851,4.11445,0,2.68576,1.8348,0.000970461,0.000970461,0.000970461
83,55.0975,0.73914,3.04185,0,0.5152,1.07719,0.94758,0.93333,0.96825,0.60879,0.92502,0.9,0.95901,0.39542,1.30753,3.99549,0,2.18228,1.70577,0.000974324,0.000974324,0.000974324
84,55.8042,0.80457,2.87844,0,0.51721,1.13973,0.93418,0.94652,0.97436,0.65088,0.9,0.86667,0.87643,0.34485,1.19125,3.92291,0,1.59782,1.63576,0.000977989,0.000977989,0.000977989
85,56.466,0.73608,2.99077,0,0.49096,1.0794,0.9673,0.98638,0.98532,0.64941,0.8581,0.86667,0.91315,0.4123,1.19944,3.62775,0,1.45037,1.65913,0.000981456,0.000981456,0.000981456
86,57.1633,0.72003,3.05834,0,0.50035,1.06678,0.90901,1,0.98411,0.63156,0.90901,1,0.98411,0.34457,1.21572,3.49541,0,2.12673,1.82275,0.000984725,0.000984725,0.000984725
87,57.8196,0.80829,3.24286,0,0.53612,1.16576,0.95742,1,0.98855,0.70848,0.93583,1,0.95688,0.28258,1.12419,3.75683,0,2.39257,1.80577,0.000987796,0.000987796,0.000987796
88,58.4695,0.67622,3.02113,0,0.43557,1.05805,0.9656,1,0.99081,0.75302,0.9656,1,0.99081,0.4225,0.90332,3.04769,0,2.21038,1.52775,0.000990669,0.000990669,0.000990669
89,59.1731,0.88001,2.93864,0,0.55551,1.16699,0.93704,1,0.98984,0.76731,0.90578,0.96667,0.93224,0.3824,0.84609,3.16621,0,2.09732,1.43984,0.000993344,0.000993344,0.000993344
90,59.8227,0.78785,3.17917,0,0.51438,1.09956,0.95508,1,0.99081,0.74034,0.6963,0.76432,0.5781,0.13419,0.87031,4.02221,0,1.71838,1.4358,0.000995821,0.000995821,0.000995821
91,60.4729,0.80665,3.05003,0,0.49314,1.1491,0.9662,1,0.99081,0.69834,0.80269,0.83333,0.70589,0.18732,0.95218,3.58523,0,1.21109,1.50472,0.0009981,0.0009981,0.0009981
92,61.1307,0.82431,3.06264,0,0.52728,1.11923,0.92948,1,0.98979,0.6168,0.91854,0.9,0.909,0.25786,1.16641,3.3084,0,0.96974,1.71713,0.00100018,0.00100018,0.00100018
93,61.7881,0.72739,2.86986,0,0.53036,1.07893,0.93214,1,0.97446,0.51987,0.81088,0.86667,0.83144,0.18941,1.35892,3.74794,0,0.86635,1.7669,0.00100206,0.00100206,0.00100206
94,62.4375,0.71853,3.02397,0,0.48769,1.05429,0.93265,1,0.96726,0.46602,0.79743,0.76667,0.80291,0.19523,1.59026,3.69212,0,0.95352,1.83477,0.00100375,0.00100375,0.00100375
95,63.0988,0.72094,2.563,0,0.49629,1.11586,0.87912,0.9698,0.95648,0.46128,0.84919,0.93861,0.90237,0.35067,1.7849,3.12869,0,1.20404,1.99351,0.00100524,0.00100524,0.00100524
96,63.7624,0.70852,2.85199,0,0.4748,1.08628,0.78198,0.96667,0.92285,0.41453,0.75501,0.93333,0.87168,0.35495,1.90675,3.2036,0,1.75063,2.17222,0.00100653,0.00100653,0.00100653
97,64.4256,0.746,3.21537,0,0.50593,1.1257,0.6693,0.96667,0.84593,0.28211,0.59788,0.9,0.68909,0.18292,2.27082,4.06959,0,2.45085,2.79327,0.00100762,0.00100762,0.00100762
98,65.0728,0.81697,2.87159,0,0.56698,1.19532,0.8247,0.96667,0.97114,0.43992,0.59481,0.9,0.6212,0.14987,2.1237,4.34604,0,2.06768,2.64854,0.00100851,0.00100851,0.00100851
99,65.728,0.81393,2.86686,0,0.48565,1.08475,0.88645,1,0.98435,0.49697,0.82312,0.93079,0.8508,0.23518,1.8517,3.71122,0,1.90634,2.23751,0.0010092,0.0010092,0.0010092
100,66.3885,0.77847,2.48746,0,0.4505,1.0555,0.90487,1,0.98646,0.50193,0.73528,0.83333,0.69305,0.22143,1.6852,3.68505,0,2.40074,2.09403,0.0010097,0.0010097,0.0010097
101,67.035,0.76382,2.68219,0,0.47551,1.07403,0.8652,0.96667,0.98089,0.46226,0.73436,0.9,0.83128,0.25679,1.5963,3.40092,0,2.86498,2.04377,0.00101,0.00101,0.00101
102,67.6924,0.73,2.58857,0,0.45221,1.06186,0.8678,1,0.98461,0.49929,0.8678,1,0.98461,0.44548,1.40367,2.65881,0,2.60728,1.74287,0.0010001,0.0010001,0.0010001
103,68.3377,0.69496,2.66872,0,0.41116,1.06423,0.91397,1,0.99212,0.54029,0.91397,1,0.99212,0.49801,1.20271,2.54545,0,2.50061,1.56862,0.0009902,0.0009902,0.0009902
104,68.9935,0.76527,2.44186,0,0.46649,1.16238,0.91526,1,0.99312,0.50808,0.88397,0.96667,0.96498,0.38354,1.37478,2.83221,0,2.93888,1.78086,0.0009803,0.0009803,0.0009803
105,69.6721,0.66993,2.76975,0,0.42556,1.08716,0.88214,1,0.995,0.56544,0.61281,0.7,0.52551,0.10866,1.42348,3.51887,0,2.36296,1.95771,0.0009704,0.0009704,0.0009704
106,70.3189,0.74211,2.51238,0,0.4394,1.09087,0.87426,1,0.99403,0.62848,0.60754,0.7,0.53306,0.12725,1.33387,3.42334,0,1.75289,1.92339,0.0009605,0.0009605,0.0009605
107,70.9649,0.74949,2.72016,0,0.52115,1.13333,0.921,1,0.995,0.70744,0.8838,0.96667,0.94868,0.33522,1.12359,2.54965,0,1.24865,1.72582,0.0009506,0.0009506,0.0009506
108,71.622,0.81419,3.32823,0,0.47778,1.14308,0.93096,1,0.995,0.79447,0.93096,1,0.995,0.52924,0.86088,2.23822,0,0.9455,1.44297,0.0009407,0.0009407,0.0009407
109,72.3304,0.7522,2.31257,0,0.45595,1.08715,0.93118,1,0.99081,0.83404,0.93118,1,0.99081,0.57042,0.69365,2.12533,0,0.88191,1.22901,0.0009308,0.0009308,0.0009308
110,73.0356,0.69588,2.45778,0,0.45279,1.0426,0.93051,1,0.99081,0.82928,0.93051,1,0.99081,0.59704,0.63821,1.99197,0,0.82017,1.15999,0.0009209,0.0009209,0.0009209
111,73.749,0.80236,2.84796,0,0.46779,1.09972,0.92475,1,0.99081,0.84378,0.92475,1,0.99081,0.58265,0.65192,1.96593,0,0.81005,1.16123,0.000911,0.000911,0.000911
112,74.4552,0.87009,1.9576,0,0.51014,1.20022,0.92912,1,0.99079,0.77432,0.94034,0.9,0.96141,0.53485,0.89951,2.13177,0,0.70627,1.34261,0.0009011,0.0009011,0.0009011
113,75.1082,0.65749,2.38241,0,0.46601,1.03151,0.93363,1,0.98979,0.72863,0.96612,0.95086,0.96421,0.34169,1.09282,2.53003,0,0.72321,1.54635,0.0008912,0.0008912,0.0008912
114,75.7548,0.72485,1.92229,0,0.46758,1.07911,0.97993,0.96667,0.99147,0.74254,0.84156,0.83333,0.74645,0.2363,1.01731,2.9607,0,0.66188,1.46424,0.0008813,0.0008813,0.0008813
115,76.4,0.68017,2.16157,0,0.46557,1.08189,0.97921,0.93333,0.99034,0.78931,0.83893,0.8,0.73977,0.16967,0.89443,3.28776,0,0.58833,1.35681,0.0008714,0.0008714,0.0008714
116,77.0521,0.68788,2.41167,0,0.44413,1.07829,0.98081,0.93333,0.98955,0.73284,0.73264,0.7,0.56332,0.1239,0.96454,3.51117,0,0.60843,1.46025,0.0008615,0.0008615,0.0008615
117,77.7114,0.78317,2.25863,0,0.50174,1.12446,0.93913,0.86667,0.95401,0.68138,0.89674,0.7,0.76965,0.20581,1.01779,3.46368,0,0.70999,1.54951,0.0008516,0.0008516,0.0008516
118,78.3592,0.71179,1.97872,0,0.4579,1.09674,0.98498,0.8,0.88775,0.61809,0.98216,0.76667,0.7887,0.29506,1.16832,3.92123,0,0.7909,1.65019,0.0008417,0.0008417,0.0008417
119,79.006,0.68653,2.26749,0,0.47906,1.09548,0.92518,0.76667,0.91034,0.60973,0.9711,0.66667,0.74875,0.33553,1.24461,4.03001,0,1.04191,1.686,0.0008318,0.0008318,0.0008318
120,79.6611,0.7107,1.70865,0,0.4234,1.0449,0.94941,0.7,0.86821,0.58729,0.978,0.66667,0.7297,0.32324,1.33706,4.20623,0,1.33384,1.82128,0.0008219,0.0008219,0.0008219
121,80.2962,0.69919,2.00936,0,0.43505,1.0525,0.95905,0.9,0.97445,0.67282,0.98367,0.8,0.84965,0.40451,1.20764,3.58916,0,1.38203,1.77345,0.000812,0.000812,0.000812
122,80.949,0.77222,1.71956,0,0.4315,1.18216,0.97152,0.93333,0.98675,0.71515,0.97152,0.93333,0.96824,0.50181,1.07167,2.50652,0,1.14507,1.65644,0.0008021,0.0008021,0.0008021
123,81.6012,0.70662,2.00105,0,0.46716,1.10758,1,0.96014,0.99312,0.75052,0.96571,0.93887,0.99212,0.53001,0.99889,1.99136,0,0.87173,1.54327,0.0007922,0.0007922,0.0007922
124,82.2574,0.75238,2.25153,0,0.48849,1.12235,1,0.95868,0.99312,0.78265,1,0.95868,0.99312,0.49717,0.93913,1.84723,0,0.69493,1.45034,0.0007823,0.0007823,0.0007823
125,82.9102,0.67652,1.83561,0,0.43928,1.04635,0.96295,1,0.99403,0.80671,0.96295,1,0.99403,0.50677,0.8691,1.76378,0,0.62762,1.384,0.0007724,0.0007724,0.0007724
126,83.5538,0.73473,2.09501,0,0.45402,1.12077,0.95979,1,0.99403,0.8167,0.95979,1,0.99403,0.59059,0.84663,1.66523,0,0.62578,1.36476,0.0007625,0.0007625,0.0007625
127,84.2045,0.64597,1.58459,0,0.44753,1.03769,0.9601,1,0.99306,0.79244,0.9601,1,0.99306,0.6269,0.89256,1.62111,0,0.66585,1.35071,0.0007526,0.0007526,0.0007526
128,84.8572,0.71057,1.79691,0,0.42041,1.08314,0.96123,1,0.99081,0.76229,0.96123,1,0.99081,0.63525,0.949,1.54821,0,0.69031,1.37148,0.0007427,0.0007427,0.0007427
129,85.5041,0.72087,2.47887,0,0.48203,1.06069,0.96192,1,0.99177,0.80222,0.96192,1,0.99177,0.63103,0.87303,1.54934,0,0.54324,1.28122,0.0007328,0.0007328,0.0007328
130,86.2006,0.67609,1.91662,0,0.43847,1.04474,0.96246,1,0.99306,0.82143,0.96246,1,0.99306,0.64733,0.79764,1.53577,0,0.4474,1.22407,0.0007229,0.0007229,0.0007229
131,86.9018,0.68637,2.12113,0,0.43722,1.03687,0.96081,1,0.99177,0.81797,0.96081,1,0.99177,0.6094,0.78861,1.55165,0,0.427,1.26303,0.000713,0.000713,0.000713
132,87.5569,0.68259,1.84419,0,0.46308,1.06301,0.93691,1,0.99081,0.82266,0.93691,1,0.99081,0.52495,0.79291,1.51825,0,0.42878,1.28305,0.0007031,0.0007031,0.0007031
133,88.2183,0.71761,1.84508,0,0.43422,1.05365,0.93624,0.97924,0.99312,0.83931,0.93624,0.97924,0.99312,0.56265,0.74442,1.39028,0,0.40631,1.2195,0.0006932,0.0006932,0.0006932
134,88.8751,0.68277,1.78664,0,0.43697,1.02642,0.93796,1,0.995,0.853,0.93796,1,0.995,0.67412,0.68918,1.2576,0,0.4028,1.1547,0.0006833,0.0006833,0.0006833
135,89.5763,0.64163,2.04887,0,0.40392,1.02918,0.95353,1,0.995,0.86253,0.95353,1,0.995,0.67665,0.66951,1.30686,0,0.42387,1.12942,0.0006734,0.0006734,0.0006734
136,90.278,0.65985,2.06614,0,0.44418,1.07959,0.95112,1,0.99403,0.84856,0.95112,1,0.99403,0.64362,0.68949,1.51293,0,0.44193,1.1556,0.0006635,0.0006635,0.0006635
137,90.9099,0.64663,1.73923,0,0.41652,1.06453,0.93718,1,0.99306,0.84269,0.90594,0.96667,0.95001,0.41883,0.74259,2.01486,0,0.4946,1.2137,0.0006536,0.0006536,0.0006536
138,91.5561,0.70149,1.94797,0,0.41564,1.06214,0.93451,1,0.99079,0.81502,0.87202,0.93333,0.88683,0.3086,0.82527,2.5254,0,0.45428,1.27428,0.0006437,0.0006437,0.0006437
139,92.2051,0.72749,2.12415,0,0.44909,1.1504,0.93749,0.99978,0.98987,0.78132,0.86313,0.86667,0.82458,0.26813,0.90878,2.66829,0,0.47394,1.30899,0.0006338,0.0006338,0.0006338
140,92.8499,0.69557,1.8384,0,0.4209,1.04892,0.93743,0.99877,0.99125,0.79325,0.90561,0.9,0.88304,0.37751,0.85273,2.24497,0,0.45305,1.26412,0.0006239,0.0006239,0.0006239
141,93.507,0.61916,1.62613,0,0.41466,1.02357,0.93484,1,0.99212,0.83484,0.95407,0.93333,0.96848,0.5418,0.73915,1.60515,0,0.42689,1.19629,0.000614,0.000614,0.000614
142,94.1587,0.64048,1.84203,0,0.43145,1.00315,0.96419,1,0.99306,0.85733,0.96419,1,0.99306,0.70663,0.61512,1.12541,0,0.39522,1.13917,0.0006041,0.0006041,0.0006041
143,94.8644,0.65535,1.85561,0,0.40033,1.05876,0.96685,1,0.995,0.86276,0.96685,1,0.995,0.73812,0.56767,1.04077,0,0.37448,1.13352,0.0005942,0.0005942,0.0005942
144,95.566,0.63584,1.78842,0,0.4239,1.00441,0.96734,1,0.995,0.84584,0.96734,1,0.995,0.67754,0.60188,1.15023,0,0.39805,1.20837,0.0005843,0.0005843,0.0005843
145,96.2218,0.60576,1.5933,0,0.39242,1.02061,0.96636,1,0.995,0.85085,0.96636,1,0.995,0.64389,0.64617,1.27803,0,0.38857,1.26001,0.0005744,0.0005744,0.0005744
146,96.8815,0.57038,1.44783,0,0.37191,1.00042,0.96638,1,0.995,0.84878,0.96638,1,0.995,0.57356,0.67217,1.4583,0,0.38412,1.27572,0.0005645,0.0005645,0.0005645
147,97.5291,0.59329,1.76983,0,0.42324,1.07216,0.96659,1,0.995,0.85269,0.96659,1,0.995,0.52549,0.67091,1.60413,0,0.36697,1.25175,0.0005546,0.0005546,0.0005546
148,98.1772,0.6538,1.72078,0,0.41689,1.013,0.96722,1,0.995,0.85218,0.96722,1,0.995,0.56104,0.62726,1.43234,0,0.34293,1.17448,0.0005447,0.0005447,0.0005447
149,98.8401,0.6006,1.40735,0,0.39191,0.99292,0.96772,1,0.995,0.84252,0.96772,1,0.995,0.66104,0.56005,1.16661,0,0.33383,1.08052,0.0005348,0.0005348,0.0005348
150,99.4933,0.58759,1.593,0,0.3976,1.02784,0.96757,1,0.995,0.85623,0.96757,1,0.995,0.65397,0.52951,1.16904,0,0.32315,1.0302,0.0005249,0.0005249,0.0005249
151,100.148,0.66244,1.58311,0,0.41408,1.0576,0.97079,1,0.995,0.8973,0.97079,1,0.995,0.60442,0.50295,1.26281,0,0.32869,1.01096,0.000515,0.000515,0.000515
152,100.815,0.61322,1.76538,0,0.39362,1.05345,0.97008,1,0.995,0.86807,0.97008,1,0.995,0.58832,0.5305,1.31321,0,0.3308,1.03576,0.0005051,0.0005051,0.0005051
153,101.46,0.61044,1.43006,0,0.38715,1.002,0.96892,1,0.995,0.87414,0.96892,1,0.995,0.57381,0.5762,1.40568,0,0.33972,1.06506,0.0004952,0.0004952,0.0004952
154,102.109,0.58725,1.31347,0,0.40855,1.03219,0.96895,1,0.995,0.86429,0.96895,1,0.995,0.56557,0.58573,1.50811,0,0.3424,1.06537,0.0004853,0.0004853,0.0004853
155,102.76,0.60668,1.48916,0,0.38678,0.99858,0.96684,1,0.995,0.8678,0.96684,1,0.995,0.52236,0.54598,1.6697,0,0.31423,1.0369,0.0004754,0.0004754,0.0004754
156,103.405,0.57588,1.42602,0,0.42829,0.98354,0.96708,1,0.995,0.88143,0.96708,1,0.995,0.51861,0.48897,1.62007,0,0.30129,1.00448,0.0004655,0.0004655,0.0004655
157,104.054,0.50804,1.30253,0,0.36383,0.99509,0.96702,1,0.995,0.88938,0.96702,1,0.995,0.60496,0.46435,1.36211,0,0.29743,0.99221,0.0004556,0.0004556,0.0004556
158,104.699,0.57606,1.14519,0,0.37525,0.99687,0.96735,1,0.995,0.91467,0.96735,1,0.995,0.70091,0.46239,1.05465,0,0.30873,0.98819,0.0004457,0.0004457,0.0004457
159,105.394,0.64203,1.45753,0,0.39825,1.04469,0.96763,1,0.995,0.91608,0.96763,1,0.995,0.78318,0.4738,0.83809,0,0.32991,1.00023,0.0004358,0.0004358,0.0004358
160,106.098,0.56792,1.14144,0,0.39327,1.04481,0.96942,1,0.995,0.89977,0.96942,1,0.995,0.8133,0.48358,0.72527,0,0.32825,1.00042,0.0004259,0.0004259,0.0004259
161,106.788,0.59344,1.31767,0,0.3733,1.03136,0.97652,1,0.995,0.90564,0.97652,1,0.995,0.80036,0.48252,0.73099,0,0.32733,0.99533,0.000416,0.000416,0.000416
162,107.446,0.53802,1.14295,0,0.37644,1.03782,0.98122,1,0.995,0.89737,0.98122,1,0.995,0.73373,0.5085,0.87193,0,0.33961,1.0062,0.0004061,0.0004061,0.0004061
163,108.086,0.57422,1.16776,0,0.39724,1.05771,0.98517,1,0.995,0.88583,0.98517,1,0.995,0.61894,0.5365,1.23523,0,0.35446,1.02586,0.0003962,0.0003962,0.0003962
164,108.735,0.61466,1.39209,0,0.39912,1.04105,0.98887,1,0.995,0.88694,0.98887,1,0.995,0.51845,0.54209,1.60739,0,0.3606,1.04243,0.0003863,0.0003863,0.0003863
165,109.412,0.6173,1.08022,0,0.40084,1.05804,0.99102,1,0.995,0.9006,0.99102,1,0.995,0.54407,0.50753,1.58897,0,0.34132,1.02385,0.0003764,0.0003764,0.0003764
166,110.057,0.5565,1.10375,0,0.36874,1.01599,0.99152,1,0.995,0.91059,0.99152,1,0.995,0.62522,0.4685,1.28635,0,0.32812,0.99205,0.0003665,0.0003665,0.0003665
167,110.712,0.57777,1.1747,0,0.36749,1.02265,0.99224,1,0.995,0.93232,0.99224,1,0.995,0.70406,0.45429,1.02162,0,0.30585,0.97195,0.0003566,0.0003566,0.0003566
168,111.367,0.58519,1.14366,0,0.35349,1.01566,0.99461,1,0.995,0.92126,0.99461,1,0.995,0.76216,0.45283,0.78972,0,0.28231,0.97694,0.0003467,0.0003467,0.0003467
169,112.009,0.64852,1.19912,0,0.38182,1.02186,0.99668,1,0.995,0.91207,0.99668,1,0.995,0.84645,0.45427,0.56735,0,0.27644,0.99965,0.0003368,0.0003368,0.0003368
170,112.73,0.54126,0.87799,0,0.38935,1.01493,0.9968,1,0.995,0.92095,0.9968,1,0.995,0.87571,0.45581,0.47935,0,0.26651,1.01671,0.0003269,0.0003269,0.0003269
171,113.431,0.54885,1.44698,0,0.38191,1.02538,0.99274,1,0.995,0.92119,0.99274,1,0.995,0.89474,0.4587,0.4579,0,0.26649,1.02548,0.000317,0.000317,0.000317
172,114.129,0.53551,1.0848,0,0.34829,0.99866,0.99267,1,0.995,0.91624,0.99267,1,0.995,0.88966,0.45017,0.48091,0,0.26832,1.01463,0.0003071,0.0003071,0.0003071
173,114.782,0.45017,0.74808,0,0.31363,0.93512,0.99236,1,0.995,0.91798,0.99236,1,0.995,0.87419,0.43607,0.54551,0,0.2796,0.99034,0.0002972,0.0002972,0.0002972
174,115.435,0.55706,1.13535,0,0.36863,1.02198,0.99137,1,0.995,0.91397,0.99137,1,0.995,0.85919,0.43942,0.63835,0,0.2847,0.97706,0.0002873,0.0002873,0.0002873
175,116.076,0.56375,1.13812,0,0.36867,1.0019,0.98898,1,0.995,0.91306,0.98898,1,0.995,0.84731,0.46012,0.72369,0,0.29036,0.98071,0.0002774,0.0002774,0.0002774
176,116.73,0.59775,1.28295,0,0.36048,0.98765,0.98578,1,0.995,0.91038,0.98578,1,0.995,0.85228,0.47961,0.74193,0,0.3004,0.99163,0.0002675,0.0002675,0.0002675
177,117.413,0.54138,1.05996,0,0.33682,1.02847,0.98272,1,0.995,0.90608,0.98272,1,0.995,0.86239,0.48819,0.71428,0,0.30953,0.99869,0.0002576,0.0002576,0.0002576
178,118.055,0.54368,1.11866,0,0.33155,0.98312,0.97946,1,0.995,0.8988,0.97946,1,0.995,0.85849,0.48104,0.68814,0,0.31395,0.99289,0.0002477,0.0002477,0.0002477
179,118.707,0.54824,0.81095,0,0.42286,0.99341,0.97595,1,0.995,0.90126,0.97595,1,0.995,0.86485,0.46104,0.65115,0,0.29954,0.98242,0.0002378,0.0002378,0.0002378
180,119.347,0.58842,1.07132,0,0.4022,1.01602,0.97334,1,0.995,0.91476,0.97334,1,0.995,0.86247,0.44959,0.6306,0,0.2884,0.97925,0.0002279,0.0002279,0.0002279
181,119.993,0.54289,1.03932,0,0.35054,0.98075,0.9713,1,0.995,0.92036,0.9713,1,0.995,0.86247,0.44175,0.64224,0,0.2876,0.97599,0.000218,0.000218,0.000218
182,120.641,0.52827,0.94804,0,0.32969,0.97432,0.97023,1,0.995,0.93204,0.97023,1,0.995,0.8568,0.43922,0.66325,0,0.2873,0.97267,0.0002081,0.0002081,0.0002081
183,121.29,0.53342,0.86045,0,0.33069,0.98541,0.97198,1,0.995,0.91781,0.97198,1,0.995,0.85557,0.44991,0.6785,0,0.29043,0.97548,0.0001982,0.0001982,0.0001982
184,121.94,0.54266,1.01343,0,0.36543,0.95351,0.97589,1,0.995,0.9132,0.97589,1,0.995,0.84047,0.46914,0.71075,0,0.28625,0.981,0.0001883,0.0001883,0.0001883
185,122.592,0.51029,0.86601,0,0.36017,0.98613,0.97962,1,0.995,0.90842,0.97962,1,0.995,0.83298,0.48083,0.72236,0,0.28539,0.98625,0.0001784,0.0001784,0.0001784
186,123.233,0.48705,1.07976,0,0.31381,1.01745,0.98067,1,0.995,0.90276,0.98067,1,0.995,0.83772,0.47812,0.72304,0,0.29194,0.98542,0.0001685,0.0001685,0.0001685
187,123.88,0.47849,0.80222,0,0.30362,0.95763,0.98269,1,0.995,0.92261,0.98269,1,0.995,0.86199,0.46434,0.68712,0,0.2863,0.97741,0.0001586,0.0001586,0.0001586
188,124.534,0.49508,0.71039,0,0.30473,0.96951,0.98557,1,0.995,0.92079,0.98557,1,0.995,0.86294,0.45295,0.64761,0,0.2855,0.96767,0.0001487,0.0001487,0.0001487
189,125.181,0.511,0.86671,0,0.31516,0.96789,0.98592,1,0.995,0.92828,0.98592,1,0.995,0.86684,0.44652,0.5962,0,0.28287,0.96081,0.0001388,0.0001388,0.0001388
190,125.827,0.50761,0.78812,0,0.31159,0.99559,0.98615,1,0.995,0.93444,0.98615,1,0.995,0.86774,0.44854,0.55592,0,0.2721,0.9582,0.0001289,0.0001289,0.0001289
191,127.187,0.43319,0.70463,0,0.40406,0.89685,0.9864,1,0.995,0.92999,0.9864,1,0.995,0.86818,0.44133,0.53854,0,0.26132,0.95127,0.000119,0.000119,0.000119
192,128.046,0.51496,0.67237,0,0.43937,1.01668,0.98636,1,0.995,0.93391,0.98636,1,0.995,0.87147,0.42861,0.52573,0,0.25815,0.945,0.0001091,0.0001091,0.0001091
193,128.83,0.42603,0.63494,0,0.34547,0.99537,0.98586,1,0.995,0.93999,0.98586,1,0.995,0.87717,0.41567,0.51349,0,0.25425,0.93886,9.92e-05,9.92e-05,9.92e-05
194,129.63,0.48047,0.54058,0,0.37165,1.01021,0.98409,1,0.995,0.93983,0.98409,1,0.995,0.87188,0.40691,0.50135,0,0.25466,0.93565,8.93e-05,8.93e-05,8.93e-05
195,130.3,0.507,0.65069,0,0.41869,1.01228,0.98333,1,0.995,0.94353,0.98333,1,0.995,0.87669,0.40489,0.48797,0,0.25622,0.9363,7.94e-05,7.94e-05,7.94e-05
196,131.005,0.41514,0.51424,0,0.36646,1.03533,0.98214,1,0.995,0.93572,0.98214,1,0.995,0.88471,0.40609,0.47573,0,0.26336,0.93827,6.95e-05,6.95e-05,6.95e-05
197,131.707,0.41321,0.57282,0,0.33195,0.96322,0.98108,1,0.995,0.93738,0.98108,1,0.995,0.88448,0.41574,0.46763,0,0.26603,0.94473,5.96e-05,5.96e-05,5.96e-05
198,132.422,0.46469,0.59695,0,0.32979,1.0242,0.98017,1,0.995,0.93889,0.98017,1,0.995,0.87555,0.4235,0.46618,0,0.2703,0.95037,4.97e-05,4.97e-05,4.97e-05
199,133.082,0.41315,0.88896,0,0.31899,0.91454,0.98007,1,0.995,0.93391,0.98007,1,0.995,0.87525,0.42762,0.46682,0,0.27029,0.95383,3.98e-05,3.98e-05,3.98e-05
200,133.739,0.42386,0.496,0,0.31021,0.93225,0.97912,1,0.995,0.93368,0.97912,1,0.995,0.87493,0.426,0.46929,0,0.27105,0.95286,2.99e-05,2.99e-05,2.99e-05
