epoch,time,train/box_loss,train/seg_loss,train/cls_loss,train/dfl_loss,metrics/precision(B),metrics/recall(B),metrics/mAP50(B),metrics/mAP50-95(B),metrics/precision(M),metrics/recall(M),metrics/mAP50(M),metrics/mAP50-95(M),val/box_loss,val/seg_loss,val/cls_loss,val/dfl_loss,lr/pg0,lr/pg1,lr/pg2
1,1.50936,1.74061,4.51204,2.98891,1.83565,0.00333,1,0.05694,0.02453,0.00267,0.8,0.01459,0.00528,1.15043,6.73626,2.93764,1.72111,0,0,0
2,2.51861,1.85361,4.8963,3.07812,1.9291,0.00333,1,0.05428,0.0256,0.00227,0.68,0.01115,0.00449,1.20232,7.47831,2.9573,1.73723,1.9901e-05,1.9901e-05,1.9901e-05
3,3.49789,1.78187,4.64265,3.06418,1.85969,0.00333,1,0.05452,0.02424,0.0018,0.54,0.00611,0.00241,1.25103,8.16824,2.97075,1.75668,3.9604e-05,3.9604e-05,3.9604e-05
4,4.34135,1.84916,4.27755,3.01627,1.90524,0.00333,1,0.05362,0.02602,0.00173,0.52,0.00633,0.00204,1.28372,8.70868,2.97039,1.76651,5.9109e-05,5.9109e-05,5.9109e-05
5,5.13429,1.91887,4.57095,3.05977,1.97988,0.00333,1,0.05406,0.0256,0.00147,0.44,0.00462,0.00167,1.30674,9.11375,2.97776,1.76878,7.8416e-05,7.8416e-05,7.8416e-05
6,5.93441,1.92771,4.52659,3.06724,1.95165,0.00333,1,0.05551,0.02624,0.0014,0.42,0.00484,0.00147,1.31921,9.3724,2.97485,1.7713,9.7525e-05,9.7525e-05,9.7525e-05
7,6.72965,2.05004,4.18661,3.07502,2.07915,0.00333,1,0.05191,0.02631,0.0014,0.42,0.00447,0.00144,1.32489,9.46605,2.97268,1.7702,0.000116436,0.000116436,0.000116436
8,7.52119,1.79917,4.36357,3.01011,1.84855,0.00333,1,0.05637,0.02667,0.00147,0.44,0.00485,0.00163,1.31583,9.42045,2.96679,1.76678,0.000135149,0.000135149,0.000135149
9,8.32198,1.97957,4.71463,3.10864,2.03128,0.00333,1,0.05829,0.0275,0.0016,0.48,0.00609,0.00173,1.30316,9.40167,2.968,1.75768,0.000153664,0.000153664,0.000153664
10,9.11849,1.73677,4.69093,3.04095,1.84394,0.00333,1,0.06021,0.02828,0.0016,0.48,0.00597,0.00185,1.28852,9.2116,2.96855,1.75076,0.000171981,0.000171981,0.000171981
11,9.94538,1.81159,4.56623,3.04812,1.89849,0.00333,1,0.63751,0.40273,0.00333,1,0.636,0.4679,0.81934,1.10475,2.7357,1.49551,0.0001901,0.0001901,0.0001901
12,10.9151,1.01942,1.57938,2.50507,1.3658,0.00333,1,0.89997,0.48849,0.00333,1,0.89997,0.65102,0.79064,0.93514,2.66505,1.27883,0.000208021,0.000208021,0.000208021
13,11.8806,0.92783,1.14701,2.05757,1.3073,0.00333,1,0.95727,0.67754,0.00333,1,0.95727,0.76199,0.54918,0.98161,2.54411,1.21554,0.000225744,0.000225744,0.000225744
14,12.8692,0.84233,0.9396,1.61333,1.2568,0.4506,1,0.96908,0.67058,0.4506,1,0.96908,0.79342,0.73161,0.93299,2.38168,1.52253,0.000243269,0.000243269,0.000243269
15,13.863,0.76826,0.69035,1.31687,1.19356,0.95426,0.8346,0.97835,0.66775,0.95426,0.8346,0.97835,0.8174,0.9105,0.84157,2.28766,2.10556,0.000260596,0.000260596,0.000260596
16,14.8416,0.74016,0.56497,1.23737,1.14343,1,0.81094,0.98336,0.71689,1,0.81094,0.98336,0.87045,0.90742,0.72695,2.18247,1.86772,0.000277725,0.000277725,0.000277725
17,15.8409,0.6898,0.57302,1.0932,1.13472,1,0.31635,0.98143,0.79089,1,0.31635,0.98143,0.9124,0.62154,0.54277,2.23765,1.16786,0.000294656,0.000294656,0.000294656
18,16.8268,0.70704,0.61264,1.08635,1.14198,0.96926,0.63074,0.95688,0.74546,0.96926,0.63074,0.95688,0.89047,0.55346,0.47653,2.35081,1.09648,0.000311389,0.000311389,0.000311389
19,17.7606,0.72056,0.60729,1.03411,1.13626,0.91976,0.98,0.98843,0.70788,0.91976,0.98,0.98843,0.91018,0.64119,0.47526,2.32461,1.19359,0.000327924,0.000327924,0.000327924
20,18.6895,0.66534,0.62218,1.02168,1.06399,1,0.92654,0.98949,0.77532,1,0.92654,0.98949,0.91674,0.73766,0.46232,2.25459,1.29144,0.000344261,0.000344261,0.000344261
21,19.6179,0.6554,0.49009,0.99395,1.08476,1,0.07531,0.96991,0.7838,1,0.07531,0.96991,0.90401,0.74148,0.49502,2.35273,1.22725,0.0003604,0.0003604,0.0003604
22,20.5494,0.60467,0.48074,0.93868,1.01097,1,0.3818,0.96434,0.79396,1,0.3818,0.96434,0.91495,0.64691,0.53547,2.26012,1.16249,0.000376341,0.000376341,0.000376341
23,21.5336,0.66046,0.58261,0.93222,1.08903,1,0.55715,0.96779,0.79715,1,0.55715,0.96779,0.90769,0.60644,0.58814,2.15695,1.19443,0.000392084,0.000392084,0.000392084
24,22.4525,0.66934,0.47868,0.95357,1.08492,1,0.54618,0.96413,0.82087,1,0.54618,0.96413,0.90724,0.54282,0.61628,2.13137,1.10772,0.000407629,0.000407629,0.000407629
25,23.4465,0.61042,0.44187,0.84427,0.99432,1,0.533,0.95794,0.8179,1,0.533,0.95794,0.8969,0.57047,0.63935,2.1653,1.10276,0.000422976,0.000422976,0.000422976
26,24.414,0.68897,0.50605,0.91289,1.09096,1,0.67871,0.98378,0.833,1,0.67871,0.97242,0.89029,0.55966,0.59679,2.10615,1.11938,0.000438125,0.000438125,0.000438125
27,25.3645,0.61091,0.43345,0.84183,1.03016,1,0.75217,0.99161,0.81874,1,0.75217,0.99161,0.89813,0.63703,0.53076,2.10939,1.20727,0.000453076,0.000453076,0.000453076
28,26.2857,0.6316,0.46596,0.8987,1.02083,1,0.94533,0.99246,0.75155,1,0.94533,0.99246,0.86825,0.73476,0.52962,2.06166,1.31984,0.000467829,0.000467829,0.000467829
29,27.2181,0.62095,0.49115,0.80426,1.05404,0.97919,0.94108,0.99174,0.79355,0.97919,0.94108,0.98809,0.88061,0.71822,0.60947,1.8835,1.28354,0.000482384,0.000482384,0.000482384
30,28.1508,0.63527,0.43498,0.82735,1.09142,0.97947,0.9543,0.98302,0.83207,0.97947,0.9543,0.98302,0.92146,0.64406,0.56283,1.77749,1.1632,0.000496741,0.000496741,0.000496741
31,29.1416,0.6406,0.44908,0.83873,1.03861,0.96009,0.9622,0.97378,0.81549,0.96009,0.9622,0.97378,0.90926,0.59794,0.52143,1.8128,1.26037,0.0005109,0.0005109,0.0005109
32,30.0708,0.61589,0.51487,0.82612,1.03615,0.97945,0.95334,0.98057,0.79668,0.97945,0.95334,0.98057,0.893,0.61984,0.56881,1.87513,1.33266,0.000524861,0.000524861,0.000524861
33,30.9998,0.58278,0.41851,0.74638,0.9686,0.97772,0.8776,0.98418,0.80499,0.97772,0.8776,0.98418,0.89467,0.6337,0.63006,1.87568,1.30583,0.000538624,0.000538624,0.000538624
34,31.9365,0.60896,0.43642,0.79051,1.00931,0.95787,0.90951,0.98463,0.8452,0.95787,0.90951,0.98463,0.91087,0.60389,0.68891,1.75718,1.21069,0.000552189,0.000552189,0.000552189
35,32.9129,0.59109,0.45221,0.76353,1.01738,0.96021,0.96544,0.98813,0.82887,0.96021,0.96544,0.98813,0.90176,0.60012,0.6923,1.62611,1.19418,0.000565556,0.000565556,0.000565556
36,33.8593,0.5797,0.46567,0.79577,1.01337,0.95896,0.93478,0.97286,0.80087,0.95896,0.93478,0.97286,0.87566,0.6016,0.76167,1.69442,1.20096,0.000578725,0.000578725,0.000578725
37,34.7849,0.55372,0.4668,0.77844,1.01871,0.93532,0.8677,0.96852,0.73339,0.93532,0.8677,0.96852,0.8203,0.55869,0.74545,2.01718,1.13942,0.000591696,0.000591696,0.000591696
38,35.7307,0.57913,0.44433,0.70327,1.00699,0.94466,0.68281,0.97042,0.74047,0.94466,0.68281,0.97042,0.83399,0.52366,0.65646,2.13923,1.07527,0.000604469,0.000604469,0.000604469
39,36.6657,0.53767,0.50237,0.69264,0.9718,1,0.50914,0.9838,0.81299,1,0.50914,0.9838,0.90121,0.51975,0.61275,2.1574,1.07596,0.000617044,0.000617044,0.000617044
40,37.6032,0.5044,0.38027,0.68185,0.96349,1,0.65468,0.98765,0.82634,1,0.65468,0.98765,0.89445,0.55292,0.65325,2.13073,1.07123,0.000629421,0.000629421,0.000629421
41,38.5373,0.56427,0.41398,0.7406,1.05191,1,0.5466,0.97382,0.76724,1,0.5466,0.97382,0.89468,0.62698,0.72427,2.24336,1.08655,0.0006416,0.0006416,0.0006416
42,39.4724,0.57118,0.48603,0.78183,0.99512,1,0.543,0.94446,0.61925,1,0.543,0.95528,0.83406,0.87239,0.77163,2.3829,1.22816,0.000653581,0.000653581,0.000653581
43,40.4046,0.55206,0.3839,0.68262,1.01441,1,0.63672,0.96219,0.69567,1,0.63672,0.96219,0.84663,0.75456,0.58136,2.29713,1.24867,0.000665364,0.000665364,0.000665364
44,41.3463,0.53313,0.38689,0.70618,0.97383,1,0.2866,0.95094,0.69924,1,0.2866,0.95094,0.83175,0.73092,0.63445,2.43612,1.194,0.000676949,0.000676949,0.000676949
45,42.2872,0.58313,0.40882,0.75727,1.005,1,0.14245,0.89766,0.58726,1,0.14245,0.89766,0.76131,0.8059,0.9769,2.54764,1.18017,0.000688336,0.000688336,0.000688336
46,43.23,0.49846,0.37892,0.64112,0.96225,0.78814,0.14932,0.70713,0.39979,0.78814,0.14932,0.70143,0.47894,1.01699,1.80828,2.64409,1.26507,0.000699525,0.000699525,0.000699525
47,44.174,0.5067,0.39885,0.6656,0.98264,0.27935,0.04,0.5675,0.34003,0.27935,0.04,0.54869,0.27809,1.12971,2.60164,2.71772,1.31145,0.000710516,0.000710516,0.000710516
48,45.1128,0.53617,0.41951,0.66496,0.99195,0.54842,0.02,0.58016,0.34298,0.54842,0.02,0.54955,0.30159,1.10722,2.58024,2.71015,1.30177,0.000721309,0.000721309,0.000721309
49,46.0511,0.56594,0.40727,0.64354,0.99871,0.5991,0.03189,0.59295,0.40267,0.5991,0.03189,0.57486,0.39919,0.77369,2.09664,2.59298,1.18358,0.000731904,0.000731904,0.000731904
50,46.9873,0.55628,0.40733,0.66176,0.97173,0.80477,0.08286,0.78359,0.62224,0.80477,0.08286,0.78359,0.62909,0.63899,1.49567,2.4606,1.1995,0.000742301,0.000742301,0.000742301
51,47.9194,0.54521,0.4372,0.65669,0.9706,0.94077,0.63541,0.88436,0.70133,0.94077,0.63541,0.88429,0.73139,0.64975,1.0013,2.18657,1.26549,0.0007525,0.0007525,0.0007525
52,48.8582,0.54113,0.40729,0.62416,0.98779,0.94347,0.8,0.96628,0.79079,0.91989,0.78,0.94594,0.84126,0.61883,0.68786,1.96341,1.28139,0.000762501,0.000762501,0.000762501
53,49.7842,0.54974,0.42022,0.64699,0.97865,0.97944,0.88,0.98953,0.81626,0.97944,0.88,0.98953,0.89243,0.62796,0.63033,1.84652,1.36086,0.000772304,0.000772304,0.000772304
54,50.7144,0.48706,0.47542,0.61581,0.94584,1,0.96322,0.995,0.85872,1,0.96322,0.995,0.91167,0.6015,0.6355,1.80699,1.33529,0.000781909,0.000781909,0.000781909
55,51.7166,0.60406,0.56367,0.70165,1.00673,1,0.96944,0.995,0.88618,1,0.96944,0.995,0.92353,0.54258,0.62018,1.67748,1.21191,0.000791316,0.000791316,0.000791316
56,52.7065,0.54261,0.42001,0.63456,0.99557,1,0.97618,0.995,0.87617,1,0.97618,0.995,0.8896,0.53233,0.85897,1.52857,1.17174,0.000800525,0.000800525,0.000800525
57,53.6464,0.66958,0.5148,0.71262,1.06032,1,0.92867,0.995,0.86544,1,0.92867,0.995,0.85663,0.53168,1.11785,1.58507,1.17191,0.000809536,0.000809536,0.000809536
58,54.5876,0.58768,0.46712,0.65121,1.02181,1,0.87744,0.99461,0.89271,1,0.87744,0.99461,0.85012,0.43735,1.19155,1.72985,0.99557,0.000818349,0.000818349,0.000818349
59,55.53,0.5242,0.46646,0.61609,0.95895,1,0.75519,0.98988,0.8889,1,0.75519,0.98988,0.78674,0.44996,1.345,1.86173,0.967,0.000826964,0.000826964,0.000826964
60,56.4753,0.55386,0.43666,0.62051,0.9753,0.96887,0.62243,0.9619,0.81025,0.96887,0.62243,0.95716,0.66408,0.5238,1.91049,1.99078,1.01665,0.000835381,0.000835381,0.000835381
61,57.4074,0.52564,0.4597,0.63022,0.9647,0.88919,0.38,0.84997,0.68919,0.88919,0.38,0.84901,0.50086,0.57271,2.37749,2.15269,1.05062,0.0008436,0.0008436,0.0008436
62,58.3334,0.52141,0.46926,0.60788,0.96356,0.91952,0.45715,0.80368,0.6351,0.91952,0.45715,0.80183,0.50073,0.64042,2.29444,2.07504,1.09445,0.000851621,0.000851621,0.000851621
63,59.2632,0.49122,0.41792,0.5575,0.96597,0.7148,0.34,0.60696,0.42114,0.67276,0.32,0.56852,0.32338,0.81015,2.59741,2.20811,1.21316,0.000859444,0.000859444,0.000859444
64,60.1879,0.52841,0.39615,0.62467,0.99359,0.35148,0.13035,0.28737,0.1633,0.35148,0.13035,0.2445,0.11322,1.15422,3.60992,2.44889,1.4026,0.000867069,0.000867069,0.000867069
65,61.12,0.54601,0.40353,0.59294,0.98282,0.51384,0.36,0.47063,0.31424,0.51384,0.36,0.42208,0.18241,0.97965,3.17666,2.23062,1.3358,0.000874496,0.000874496,0.000874496
66,62.0418,0.57293,0.39002,0.61239,1.00594,0.70471,0.52514,0.67566,0.38784,0.66671,0.48,0.64082,0.21854,1.08781,3.19345,2.12468,1.48217,0.000881725,0.000881725,0.000881725
67,62.9873,0.50023,0.40234,0.56943,0.98378,0.91656,0.65907,0.84369,0.58979,0.91656,0.65907,0.84369,0.52069,0.8635,1.84699,1.84785,1.24083,0.000888756,0.000888756,0.000888756
68,63.914,0.53508,0.42822,0.59458,0.98378,0.90402,0.74,0.87146,0.70151,0.90402,0.74,0.87146,0.60314,0.65489,1.65013,1.65362,1.10917,0.000895589,0.000895589,0.000895589
69,64.8587,0.52967,0.4393,0.56307,0.95536,0.91493,0.94,0.96043,0.81597,0.91493,0.94,0.96043,0.65996,0.55481,1.92996,1.38249,1.05038,0.000902224,0.000902224,0.000902224
70,65.7974,0.54962,0.45779,0.57886,0.95566,0.98943,0.98,0.99423,0.87136,0.98943,0.98,0.99423,0.77463,0.53389,1.58241,1.05109,1.02215,0.000908661,0.000908661,0.000908661
71,66.7317,0.51175,0.42376,0.57685,0.99432,0.9982,1,0.995,0.86132,0.9982,1,0.995,0.91187,0.53042,0.73049,0.95294,1.03251,0.0009149,0.0009149,0.0009149
72,67.66,0.52959,0.47155,0.57138,0.96023,0.99685,1,0.995,0.89327,0.99685,1,0.995,0.92058,0.54477,0.62768,1.1527,1.05745,0.000920941,0.000920941,0.000920941
73,68.6592,0.47558,0.38968,0.54308,0.96304,0.96492,0.88,0.97307,0.79887,0.96492,0.88,0.97307,0.84652,0.62205,0.90494,1.49209,1.14218,0.000926784,0.000926784,0.000926784
74,69.5934,0.53306,0.45035,0.57445,1.00447,0.91966,0.74,0.89354,0.7122,0.91966,0.74,0.89354,0.71671,0.64478,1.27582,1.62513,1.17698,0.000932429,0.000932429,0.000932429
75,70.5355,0.51744,0.41905,0.55117,0.95168,0.49734,0.41564,0.48227,0.3651,0.49734,0.41564,0.48227,0.38574,0.92497,1.5391,1.98075,1.23154,0.000937876,0.000937876,0.000937876
76,71.455,0.52691,0.53874,0.56872,0.98745,0.0791,0.6,0.07282,0.02674,0.08437,0.64,0.08211,0.03722,2.03852,2.08641,2.53154,1.74643,0.000943125,0.000943125,0.000943125
77,72.3965,0.54144,0.4571,0.57409,0.95208,0.03717,0.86,0.05471,0.01354,0.04062,0.94,0.06812,0.0205,2.46036,2.07844,2.61139,1.96344,0.000948176,0.000948176,0.000948176
78,73.3264,0.54562,0.41561,0.54906,1.01636,0.0052,0.86,0.05173,0.01149,0.00568,0.94,0.05698,0.01653,2.81798,1.95222,2.63319,2.15505,0.000953029,0.000953029,0.000953029
79,74.2721,0.55493,0.43701,0.5675,0.96902,0.00273,0.82,0.03938,0.00735,0.00287,0.86,0.04266,0.01174,3.17768,2.07263,2.72901,2.35938,0.000957684,0.000957684,0.000957684
80,75.1941,0.56336,0.44175,0.58029,0.97774,0.00213,0.64,0.02249,0.00398,0.0028,0.84,0.03469,0.00848,3.54662,1.76678,2.89544,2.48172,0.000962141,0.000962141,0.000962141
81,76.1311,0.52054,0.40172,0.55915,0.97761,0.0026,0.78,0.04649,0.01088,0.00287,0.86,0.05091,0.01598,3.02792,1.47502,2.88814,2.06998,0.0009664,0.0009664,0.0009664
82,77.0577,0.58764,0.43588,0.53612,1.02839,0.00293,0.88,0.05501,0.01766,0.00313,0.94,0.0678,0.0245,2.57812,1.62266,2.85619,1.84804,0.000970461,0.000970461,0.000970461
83,77.9708,0.49645,0.36316,0.51853,0.97265,0.003,0.9,0.0738,0.02023,0.0032,0.96,0.08583,0.03174,2.50355,1.72943,2.83712,1.91506,0.000974324,0.000974324,0.000974324
84,78.9003,0.48647,0.40988,0.51361,0.96007,0.00307,0.92,0.11873,0.02976,0.0032,0.96,0.13585,0.04514,2.42349,1.92376,2.75251,1.8972,0.000977989,0.000977989,0.000977989
85,79.821,0.50498,0.40231,0.49293,0.96087,0.0044,0.94,0.18948,0.05641,0.23186,0.52,0.2077,0.07503,2.25194,1.71106,2.58303,1.78606,0.000981456,0.000981456,0.000981456
86,80.7498,0.45467,0.34485,0.45781,0.92284,0.18278,0.26,0.1665,0.04797,0.19684,0.28,0.17987,0.06564,2.3278,1.36465,2.5367,1.82363,0.000984725,0.000984725,0.000984725
87,81.6757,0.4543,0.38223,0.47894,0.93642,0.08472,0.1,0.09362,0.02437,0.06778,0.08,0.09257,0.03484,2.65826,1.24973,2.58347,2.04487,0.000987796,0.000987796,0.000987796
88,82.5979,0.5186,0.39518,0.48919,0.96618,0.03935,0.06,0.05182,0.01233,0.03935,0.06,0.0605,0.02051,2.83863,1.35449,2.78533,2.28467,0.000990669,0.000990669,0.000990669
89,83.5425,0.48937,0.3994,0.51165,0.94312,0.09695,0.16,0.07884,0.02787,0.10649,0.17879,0.08151,0.03826,2.27121,1.42441,2.59772,2.21384,0.000993344,0.000993344,0.000993344
90,84.4881,0.50831,0.42448,0.50338,0.98306,0.26783,0.36,0.21976,0.10274,0.26783,0.36,0.22547,0.11185,1.5761,1.62537,2.25155,1.9331,0.000995821,0.000995821,0.000995821
91,85.4182,0.49588,0.39606,0.48114,0.9505,0.60425,0.66,0.59679,0.31958,0.60425,0.66,0.59679,0.32775,1.47118,1.70528,1.8689,1.80434,0.0009981,0.0009981,0.0009981
92,86.3574,0.42353,0.33889,0.44177,0.92548,0.9535,0.92,0.94492,0.56417,0.9535,0.92,0.94539,0.60838,1.3065,1.89844,1.43956,1.58514,0.00100018,0.00100018,0.00100018
93,87.3052,0.4869,0.40123,0.46691,0.92376,0.97991,0.97583,0.99343,0.65018,0.97991,0.97583,0.99343,0.72564,1.13858,2.07742,1.19422,1.39198,0.00100206,0.00100206,0.00100206
94,88.2265,0.44954,0.46516,0.46135,0.92764,0.93148,0.96,0.98885,0.69863,0.93148,0.96,0.98885,0.78406,1.10171,1.90199,1.25243,1.41583,0.00100375,0.00100375,0.00100375
95,89.1446,0.53151,0.492,0.51536,0.97057,0.95891,0.9336,0.98211,0.74967,0.95891,0.9336,0.98211,0.83067,0.91045,1.4753,1.11324,1.29273,0.00100524,0.00100524,0.00100524
96,90.0587,0.53841,0.45326,0.5522,1.01362,0.97945,0.95344,0.98921,0.83272,0.97945,0.95344,0.98921,0.85764,0.75775,1.05827,0.92382,1.17511,0.00100653,0.00100653,0.00100653
97,90.9927,0.55893,0.39988,0.51222,0.96279,1,0.95419,0.98699,0.85294,1,0.95419,0.98699,0.8709,0.6293,0.91248,0.83276,1.06739,0.00100762,0.00100762,0.00100762
98,91.9209,0.50229,0.39676,0.51243,0.96629,1,0.90347,0.97402,0.81983,1,0.90347,0.9693,0.75652,0.70474,1.5055,0.93649,1.11351,0.00100851,0.00100851,0.00100851
99,92.8583,0.42416,0.34842,0.47358,0.92142,0.97146,0.86,0.91914,0.72246,0.97146,0.86,0.90971,0.56904,0.90046,2.77274,1.16019,1.27548,0.0010092,0.0010092,0.0010092
100,93.7921,0.4681,0.3993,0.48801,0.95934,0.99866,0.84,0.928,0.71168,0.99866,0.84,0.928,0.56969,0.93428,3.05026,1.10969,1.32511,0.0010097,0.0010097,0.0010097
101,94.7288,0.55354,0.44189,0.53225,1.00196,0.93453,0.85655,0.93159,0.73481,0.93453,0.85655,0.93159,0.59424,0.91216,2.91561,1.14488,1.33216,0.00101,0.00101,0.00101
102,95.6644,0.51349,0.41002,0.46293,0.93597,0.95219,0.79673,0.93607,0.75741,0.95219,0.79673,0.92948,0.58813,0.76313,2.94684,1.16732,1.2216,0.0010001,0.0010001,0.0010001
103,96.5793,0.56484,0.46306,0.54481,0.97822,0.97753,0.87022,0.97779,0.81834,0.97753,0.87022,0.97779,0.67256,0.67466,2.50483,1.0355,1.11285,0.0009902,0.0009902,0.0009902
104,97.5013,0.41613,0.33962,0.43022,0.90222,1,0.97781,0.99167,0.8368,1,0.97781,0.99167,0.79435,0.64312,1.52408,0.91483,1.07528,0.0009803,0.0009803,0.0009803
105,98.4315,0.48997,0.37911,0.46339,0.96266,0.96775,0.98,0.99423,0.81233,0.96775,0.98,0.99423,0.81482,0.7332,1.30778,0.84605,1.14979,0.0009704,0.0009704,0.0009704
106,99.3483,0.44603,0.36353,0.44269,0.93985,0.95956,0.94932,0.98815,0.78648,0.95956,0.94932,0.98815,0.79666,0.82595,1.24609,0.80104,1.20497,0.0009605,0.0009605,0.0009605
107,100.268,0.52983,0.44464,0.4975,1.00512,0.92409,0.96,0.983,0.83081,0.93007,0.96,0.98379,0.80263,0.6901,1.31821,0.77017,1.10575,0.0009506,0.0009506,0.0009506
108,101.19,0.40514,0.30335,0.40562,0.94326,0.97375,1,0.99186,0.88618,0.97375,1,0.99186,0.81492,0.52305,1.46815,0.68033,1.00695,0.0009407,0.0009407,0.0009407
109,102.136,0.46459,0.34258,0.42034,0.94595,0.99481,1,0.995,0.88698,0.99481,1,0.995,0.78095,0.51129,1.68785,0.62035,0.99544,0.0009308,0.0009308,0.0009308
110,103.051,0.43202,0.3574,0.41217,0.92849,0.95675,1,0.99343,0.85644,0.95675,1,0.99343,0.8299,0.56653,1.3771,0.61245,1.02324,0.0009209,0.0009209,0.0009209
111,103.977,0.4571,0.39174,0.42389,0.93666,0.97798,1,0.99225,0.8513,0.97798,1,0.99225,0.85939,0.60503,1.27179,0.64153,1.0372,0.000911,0.000911,0.000911
112,104.925,0.45263,0.33637,0.41488,0.90894,0.95151,1,0.98871,0.7863,0.95151,1,0.98871,0.83294,0.67296,1.29255,0.67985,1.08674,0.0009011,0.0009011,0.0009011
113,105.847,0.43603,0.3679,0.41439,0.96742,0.98094,1,0.995,0.79128,0.98094,1,0.995,0.85009,0.70596,1.29488,0.64065,1.12336,0.0008912,0.0008912,0.0008912
114,106.796,0.44788,0.39028,0.41484,0.95609,0.99581,1,0.995,0.8131,0.99581,1,0.995,0.86763,0.7211,1.2242,0.59062,1.12762,0.0008813,0.0008813,0.0008813
115,107.727,0.44803,0.34923,0.42965,0.91187,0.9973,1,0.995,0.8058,0.9973,1,0.995,0.87004,0.75621,1.02842,0.64593,1.13562,0.0008714,0.0008714,0.0008714
116,108.659,0.41141,0.32009,0.38514,0.95353,1,0.99793,0.995,0.81098,1,0.99793,0.995,0.88709,0.78955,0.83292,0.71794,1.18211,0.0008615,0.0008615,0.0008615
117,109.594,0.47564,0.33009,0.42561,0.9618,0.99795,1,0.995,0.82444,0.99795,1,0.995,0.89976,0.74096,0.64149,0.70134,1.16829,0.0008516,0.0008516,0.0008516
118,110.532,0.41483,0.30808,0.39966,0.93006,0.99731,1,0.995,0.82608,0.99731,1,0.995,0.94639,0.73247,0.52662,0.63905,1.17736,0.0008417,0.0008417,0.0008417
119,111.448,0.47559,0.38473,0.40807,0.95731,0.97824,1,0.99461,0.82459,0.97824,1,0.99461,0.96032,0.68689,0.47383,0.60275,1.13731,0.0008318,0.0008318,0.0008318
120,112.397,0.39288,0.33549,0.38086,0.90948,0.97834,1,0.99304,0.8285,0.97834,1,0.99304,0.96082,0.65378,0.48785,0.62264,1.11678,0.0008219,0.0008219,0.0008219
121,113.312,0.43028,0.31453,0.39474,0.93792,0.99819,1,0.995,0.80789,0.99819,1,0.995,0.94688,0.6981,0.46216,0.60231,1.13469,0.000812,0.000812,0.000812
122,114.238,0.4592,0.38923,0.42833,0.93493,0.99809,1,0.995,0.82387,0.99809,1,0.995,0.96175,0.69038,0.41752,0.58543,1.13374,0.0008021,0.0008021,0.0008021
123,115.164,0.46529,0.44036,0.43207,0.95185,0.99814,1,0.995,0.87388,0.99814,1,0.995,0.97028,0.52896,0.38481,0.54218,1.03026,0.0007922,0.0007922,0.0007922
124,116.142,0.54963,0.384,0.48338,1.02569,0.99714,1,0.995,0.92636,0.99714,1,0.995,0.96902,0.40555,0.37607,0.47371,0.94619,0.0007823,0.0007823,0.0007823
125,117.128,0.47313,0.342,0.41735,0.94735,0.99449,1,0.995,0.92747,0.99449,1,0.995,0.97677,0.3994,0.35943,0.44999,0.95044,0.0007724,0.0007724,0.0007724
126,118.107,0.45893,0.33394,0.39263,0.92635,0.99392,1,0.995,0.91008,0.99392,1,0.995,0.98106,0.42123,0.32887,0.43738,0.97851,0.0007625,0.0007625,0.0007625
127,119.03,0.44078,0.3056,0.40538,0.93116,0.99145,1,0.995,0.88669,0.99145,1,0.995,0.96499,0.44698,0.31129,0.41698,1.00535,0.0007526,0.0007526,0.0007526
128,119.948,0.42193,0.35252,0.36928,0.95133,0.99794,1,0.995,0.89086,0.99794,1,0.995,0.96262,0.44804,0.32672,0.41434,1.00372,0.0007427,0.0007427,0.0007427
129,120.865,0.43192,0.37895,0.38263,0.93593,0.99752,1,0.995,0.88207,0.99752,1,0.995,0.96761,0.47362,0.30876,0.42697,1.01388,0.0007328,0.0007328,0.0007328
130,121.782,0.40511,0.30403,0.37213,0.9182,0.99645,1,0.995,0.90747,0.99645,1,0.995,0.98278,0.43207,0.31093,0.42284,0.98088,0.0007229,0.0007229,0.0007229
131,122.698,0.39714,0.3562,0.37374,0.91745,0.99481,1,0.995,0.93881,0.99481,1,0.995,0.98544,0.36616,0.30551,0.42093,0.94554,0.000713,0.000713,0.000713
132,123.67,0.43245,0.38701,0.38662,0.94268,0.99395,1,0.995,0.94918,0.99395,1,0.995,0.99106,0.32371,0.30607,0.40606,0.91442,0.0007031,0.0007031,0.0007031
133,124.645,0.41544,0.36249,0.38403,0.94255,0.99061,1,0.995,0.94936,0.99061,1,0.995,0.98742,0.34459,0.3128,0.41494,0.91034,0.0006932,0.0006932,0.0006932
134,125.565,0.4079,0.31826,0.36237,0.90501,0.98598,1,0.995,0.92684,0.98598,1,0.995,0.99137,0.38831,0.31015,0.39488,0.94557,0.0006833,0.0006833,0.0006833
135,126.476,0.35681,0.32854,0.33781,0.88304,0.98655,1,0.995,0.92865,0.98655,1,0.995,0.99245,0.35388,0.29346,0.3954,0.91843,0.0006734,0.0006734,0.0006734
136,127.401,0.38487,0.28901,0.3355,0.90294,0.99326,1,0.995,0.94552,0.99326,1,0.995,0.98931,0.29436,0.28838,0.39688,0.87181,0.0006635,0.0006635,0.0006635
137,128.315,0.40666,0.41426,0.35176,0.90432,0.99387,1,0.995,0.96559,0.99387,1,0.995,0.98991,0.26836,0.28134,0.37911,0.85115,0.0006536,0.0006536,0.0006536
138,129.272,0.41376,0.33936,0.36707,0.92662,0.99572,1,0.995,0.97957,0.99572,1,0.995,0.99285,0.26252,0.27486,0.33175,0.8409,0.0006437,0.0006437,0.0006437
139,130.249,0.41854,0.32718,0.35537,0.91656,0.99743,1,0.995,0.95955,0.99743,1,0.995,0.98942,0.31387,0.27637,0.29606,0.85609,0.0006338,0.0006338,0.0006338
140,131.175,0.40021,0.38147,0.34524,0.91811,0.9979,1,0.995,0.95556,0.9979,1,0.995,0.99241,0.30553,0.26785,0.27828,0.84669,0.0006239,0.0006239,0.0006239
141,132.094,0.43601,0.33019,0.37734,0.97085,0.99842,1,0.995,0.97334,0.99842,1,0.995,0.995,0.28582,0.26403,0.28079,0.84339,0.000614,0.000614,0.000614
142,133.008,0.40682,0.3164,0.34082,0.92146,0.9986,1,0.995,0.96184,0.9986,1,0.995,0.995,0.29728,0.26921,0.27758,0.85507,0.0006041,0.0006041,0.0006041
143,133.914,0.39395,0.34847,0.3669,0.9119,0.9987,1,0.995,0.95651,0.9987,1,0.995,0.995,0.30002,0.26964,0.27932,0.85532,0.0005942,0.0005942,0.0005942
144,134.833,0.37747,0.33102,0.329,0.91293,0.99884,1,0.995,0.95913,0.99884,1,0.995,0.99106,0.29047,0.2671,0.28288,0.85054,0.0005843,0.0005843,0.0005843
145,135.759,0.39939,0.271,0.35576,0.89381,0.99886,1,0.995,0.95733,0.99886,1,0.995,0.99106,0.28495,0.2691,0.27643,0.85416,0.0005744,0.0005744,0.0005744
146,136.662,0.42923,0.34989,0.38436,0.9461,0.99882,1,0.995,0.9671,0.99882,1,0.995,0.99106,0.27614,0.27055,0.26871,0.84707,0.0005645,0.0005645,0.0005645
147,137.572,0.40471,0.35416,0.35535,0.93972,0.9988,1,0.995,0.9727,0.9988,1,0.995,0.99141,0.27228,0.27349,0.27616,0.84687,0.0005546,0.0005546,0.0005546
148,138.48,0.43277,0.34924,0.35463,0.94346,0.99874,1,0.995,0.9753,0.99874,1,0.995,0.99181,0.25885,0.27272,0.28923,0.83595,0.0005447,0.0005447,0.0005447
149,139.397,0.34189,0.29624,0.32478,0.91849,0.99872,1,0.995,0.97373,0.99872,1,0.995,0.99201,0.27278,0.26816,0.29787,0.83023,0.0005348,0.0005348,0.0005348
150,140.317,0.35845,0.30161,0.31406,0.89596,0.99875,1,0.995,0.97345,0.99875,1,0.995,0.995,0.26885,0.26592,0.29008,0.83406,0.0005249,0.0005249,0.0005249
151,141.229,0.42744,0.32169,0.3638,0.99105,0.99878,1,0.995,0.98093,0.99878,1,0.995,0.995,0.24808,0.26771,0.29222,0.83557,0.000515,0.000515,0.000515
152,142.192,0.38256,0.32376,0.34513,0.92206,0.99872,1,0.995,0.96927,0.99872,1,0.995,0.995,0.25379,0.26736,0.28682,0.83318,0.0005051,0.0005051,0.0005051
153,143.104,0.39381,0.3069,0.33643,0.87296,0.99874,1,0.995,0.96964,0.99874,1,0.995,0.995,0.26917,0.26501,0.2729,0.84175,0.0004952,0.0004952,0.0004952
154,144.014,0.398,0.34007,0.36461,0.93842,0.99873,1,0.995,0.97379,0.99873,1,0.995,0.99213,0.25558,0.2636,0.25616,0.83357,0.0004853,0.0004853,0.0004853
155,144.926,0.37164,0.30897,0.31635,0.89771,0.99871,1,0.995,0.97866,0.99871,1,0.995,0.98829,0.23591,0.26354,0.24714,0.82382,0.0004754,0.0004754,0.0004754
156,145.846,0.37791,0.31065,0.34206,0.91679,0.99873,1,0.995,0.97937,0.99873,1,0.995,0.99109,0.22875,0.26075,0.2443,0.81966,0.0004655,0.0004655,0.0004655
157,146.769,0.35044,0.36825,0.31273,0.88759,0.9987,1,0.995,0.98994,0.9987,1,0.995,0.995,0.23317,0.25954,0.24832,0.81715,0.0004556,0.0004556,0.0004556
158,147.734,0.38962,0.43136,0.34073,0.93623,0.99874,1,0.995,0.98603,0.99874,1,0.995,0.995,0.23766,0.2732,0.25264,0.81659,0.0004457,0.0004457,0.0004457
159,148.643,0.38748,0.33032,0.32434,0.92953,0.99883,1,0.995,0.99044,0.99883,1,0.995,0.995,0.23071,0.2855,0.25604,0.81117,0.0004358,0.0004358,0.0004358
160,149.628,0.36302,0.3162,0.32795,0.90991,0.99886,1,0.995,0.98377,0.99886,1,0.995,0.995,0.22398,0.28274,0.24202,0.80783,0.0004259,0.0004259,0.0004259
161,150.54,0.33668,0.28581,0.3085,0.90259,0.99888,1,0.995,0.99173,0.99888,1,0.995,0.99109,0.21823,0.26982,0.23139,0.80889,0.000416,0.000416,0.000416
162,151.465,0.38097,0.34557,0.3375,0.91034,0.99887,1,0.995,0.99269,0.99887,1,0.995,0.995,0.2283,0.25848,0.22899,0.81707,0.0004061,0.0004061,0.0004061
163,152.428,0.35038,0.27225,0.30524,0.90069,0.99889,1,0.995,0.98875,0.99889,1,0.995,0.995,0.2371,0.25444,0.2325,0.82546,0.0003962,0.0003962,0.0003962
164,153.349,0.33651,0.30622,0.30529,0.90565,0.99891,1,0.995,0.97977,0.99891,1,0.995,0.99229,0.23813,0.25028,0.23515,0.8232,0.0003863,0.0003863,0.0003863
165,154.273,0.32271,0.30097,0.2868,0.88627,0.99891,1,0.995,0.97971,0.99891,1,0.995,0.99197,0.23563,0.24978,0.23605,0.81836,0.0003764,0.0003764,0.0003764
166,155.196,0.29637,0.31024,0.27125,0.8629,0.99889,1,0.995,0.98897,0.99889,1,0.995,0.99185,0.2385,0.25047,0.23621,0.81495,0.0003665,0.0003665,0.0003665
167,156.106,0.31807,0.29638,0.29377,0.8963,0.99888,1,0.995,0.98838,0.99888,1,0.995,0.995,0.24674,0.24897,0.2398,0.81636,0.0003566,0.0003566,0.0003566
168,157.014,0.34756,0.33533,0.30029,0.91073,0.99889,1,0.995,0.9796,0.99889,1,0.995,0.995,0.24726,0.24828,0.24317,0.81707,0.0003467,0.0003467,0.0003467
169,157.931,0.35679,0.35453,0.31938,0.92599,0.99888,1,0.995,0.98763,0.99888,1,0.995,0.995,0.24316,0.25083,0.23377,0.81779,0.0003368,0.0003368,0.0003368
170,158.853,0.33092,0.307,0.30507,0.92973,0.99889,1,0.995,0.98027,0.99889,1,0.995,0.995,0.24794,0.25489,0.22292,0.82071,0.0003269,0.0003269,0.0003269
171,159.759,0.34322,0.31617,0.29106,0.91961,0.9989,1,0.995,0.98873,0.9989,1,0.995,0.995,0.24302,0.25281,0.22376,0.81907,0.000317,0.000317,0.000317
172,160.67,0.31552,0.29032,0.28956,0.88982,0.99893,1,0.995,0.98884,0.99893,1,0.995,0.995,0.22934,0.24879,0.21899,0.81009,0.0003071,0.0003071,0.0003071
173,161.6,0.30858,0.30627,0.28867,0.90882,0.99894,1,0.995,0.98536,0.99894,1,0.995,0.995,0.2289,0.24638,0.21334,0.80691,0.0002972,0.0002972,0.0002972
174,162.51,0.35858,0.3281,0.29916,0.87811,0.99896,1,0.995,0.98683,0.99896,1,0.995,0.995,0.23624,0.24381,0.22103,0.80693,0.0002873,0.0002873,0.0002873
175,163.423,0.308,0.30202,0.28576,0.88444,0.99896,1,0.995,0.99301,0.99896,1,0.995,0.995,0.24337,0.24275,0.22447,0.80917,0.0002774,0.0002774,0.0002774
176,164.401,0.34515,0.33419,0.30285,0.92597,0.99896,1,0.995,0.99301,0.99896,1,0.995,0.995,0.22984,0.24145,0.21841,0.80418,0.0002675,0.0002675,0.0002675
177,165.382,0.32884,0.326,0.27969,0.88143,0.99895,1,0.995,0.99289,0.99895,1,0.995,0.995,0.20806,0.24038,0.21347,0.79792,0.0002576,0.0002576,0.0002576
178,166.294,0.31235,0.2942,0.29724,0.89748,0.99895,1,0.995,0.99069,0.99895,1,0.995,0.995,0.19724,0.24288,0.21296,0.79416,0.0002477,0.0002477,0.0002477
179,167.204,0.31394,0.3011,0.28081,0.87982,0.99896,1,0.995,0.99293,0.99896,1,0.995,0.995,0.19561,0.24715,0.2115,0.79493,0.0002378,0.0002378,0.0002378
180,168.109,0.33718,0.28845,0.2905,0.89063,0.99894,1,0.995,0.99061,0.99894,1,0.995,0.995,0.18769,0.25629,0.21332,0.7933,0.0002279,0.0002279,0.0002279
181,169.037,0.32389,0.27967,0.27112,0.8943,0.99895,1,0.995,0.99297,0.99895,1,0.995,0.995,0.17744,0.26765,0.21911,0.79083,0.000218,0.000218,0.000218
182,169.946,0.33845,0.34811,0.29775,0.89577,0.99894,1,0.995,0.99281,0.99894,1,0.995,0.995,0.17571,0.27341,0.21689,0.78967,0.0002081,0.0002081,0.0002081
183,170.861,0.30067,0.32457,0.2853,0.88741,0.99895,1,0.995,0.99285,0.99895,1,0.995,0.995,0.17992,0.27677,0.2151,0.79032,0.0001982,0.0001982,0.0001982
184,171.792,0.29385,0.27368,0.27047,0.90507,0.99894,1,0.995,0.98931,0.99894,1,0.995,0.995,0.18334,0.26878,0.20863,0.79348,0.0001883,0.0001883,0.0001883
185,172.7,0.30513,0.31857,0.29499,0.88769,0.99894,1,0.995,0.98935,0.99894,1,0.995,0.995,0.18727,0.25381,0.20052,0.79832,0.0001784,0.0001784,0.0001784
186,173.608,0.3217,0.31137,0.28324,0.86917,0.99893,1,0.995,0.9891,0.99893,1,0.995,0.995,0.18786,0.2408,0.19181,0.80239,0.0001685,0.0001685,0.0001685
187,174.531,0.32229,0.29648,0.26598,0.90017,0.99894,1,0.995,0.98918,0.99894,1,0.995,0.995,0.18683,0.23248,0.18465,0.80161,0.0001586,0.0001586,0.0001586
188,175.449,0.31423,0.32594,0.28536,0.87884,0.99894,1,0.995,0.98923,0.99894,1,0.995,0.995,0.18265,0.22931,0.18041,0.79688,0.0001487,0.0001487,0.0001487
189,176.361,0.33087,0.34064,0.28486,0.90054,0.99893,1,0.995,0.99301,0.99893,1,0.995,0.995,0.18034,0.22831,0.18363,0.79326,0.0001388,0.0001388,0.0001388
190,177.331,0.29234,0.27121,0.26896,0.8905,0.99894,1,0.995,0.99297,0.99894,1,0.995,0.995,0.17631,0.22885,0.19143,0.79069,0.0001289,0.0001289,0.0001289
191,179.162,0.21113,0.27537,0.48768,0.82357,0.99895,1,0.995,0.99301,0.99895,1,0.995,0.995,0.1784,0.22962,0.19225,0.79242,0.000119,0.000119,0.000119
192,180.339,0.21223,0.25468,0.4314,0.84468,0.99894,1,0.995,0.99289,0.99894,1,0.995,0.995,0.18403,0.23025,0.19331,0.79708,0.0001091,0.0001091,0.0001091
193,181.383,0.19756,0.25022,0.37156,0.79065,0.99894,1,0.995,0.99285,0.99894,1,0.995,0.995,0.1881,0.23023,0.19773,0.80247,9.92e-05,9.92e-05,9.92e-05
194,182.334,0.21661,0.26228,0.38558,0.84122,0.99894,1,0.995,0.99289,0.99894,1,0.995,0.995,0.19472,0.22989,0.2036,0.80849,8.93e-05,8.93e-05,8.93e-05
195,183.231,0.18499,0.2479,0.32854,0.85099,0.99893,1,0.995,0.99293,0.99893,1,0.995,0.995,0.20172,0.22928,0.20543,0.81483,7.94e-05,7.94e-05,7.94e-05
196,184.135,0.16499,0.25732,0.30793,0.80166,0.99892,1,0.995,0.98977,0.99892,1,0.995,0.995,0.20549,0.22894,0.21001,0.8184,6.95e-05,6.95e-05,6.95e-05
197,185.043,0.18667,0.25938,0.31014,0.83022,0.99888,1,0.995,0.98973,0.99888,1,0.995,0.995,0.2048,0.22838,0.21469,0.81849,5.96e-05,5.96e-05,5.96e-05
198,185.941,0.20585,0.24859,0.34135,0.84,0.99884,1,0.995,0.98971,0.99884,1,0.995,0.995,0.19852,0.22795,0.21756,0.81409,4.97e-05,4.97e-05,4.97e-05
199,186.831,0.17665,0.25637,0.32784,0.81702,0.99884,1,0.995,0.98976,0.99884,1,0.995,0.995,0.19211,0.22765,0.21835,0.80954,3.98e-05,3.98e-05,3.98e-05
200,187.755,0.21475,0.24971,0.34139,0.79388,0.99882,1,0.995,0.9898,0.99882,1,0.995,0.995,0.18725,0.22733,0.21784,0.80563,2.99e-05,2.99e-05,2.99e-05
